                  epoch,           train/box_om,           train/cls_om,           train/dfl_om,           train/box_oo,           train/cls_oo,           train/dfl_oo,   metrics/precision(B),      metrics/recall(B),       metrics/mAP50(B),    metrics/mAP50-95(B),             val/box_om,             val/cls_om,             val/dfl_om,             val/box_oo,             val/cls_oo,             val/dfl_oo,                 lr/pg0,                 lr/pg1,                 lr/pg2
                      1,                 2.9708,                 4.2749,                 2.5917,                 2.5431,                 5.3441,                 2.1381,                0.00041,                0.21078,                0.00028,                  9e-05,                 4.4323,                 5.0118,                 26.174,                 3.3236,                 5.7284,                 5.0168,               0.070132,              0.0033186,              0.0033186
                      2,                 2.9023,                 4.0858,                 2.5495,                  2.544,                 4.6141,                 2.0635,                  5e-05,                0.02451,                  2e-05,                  1e-05,                 3.4196,                 8.4534,                 2.8824,                 2.7173,                  8.825,                 2.0575,               0.040066,              0.0065861,              0.0065861
                      3,                 2.8945,                 4.1224,                 2.5063,                 2.5473,                 4.5914,                 2.0204,                0.00011,                0.02451,                  4e-05,                  1e-05,                  5.383,                  21056,                 2618.8,                 3.8984,                  12125,                 1565.8,              0.0099344,              0.0097876,              0.0097876
                      4,                 2.8328,                 3.9806,                 2.4556,                 2.4553,                 4.4759,                 1.9762,                0.00039,                0.20098,                 0.0005,                0.00014,                 3.0667,                 6.6454,                  2.921,                 2.4781,                 6.7042,                 4.3826,               0.009703,               0.009703,               0.009703
                      5,                 2.8021,                 3.8906,                 2.4511,                  2.455,                 4.3821,                 1.9882,                0.00127,                0.65196,                0.00184,                 0.0005,                 2.7606,                 4.2548,                 2.4858,                 2.4182,                 4.8506,                 1.9651,               0.009703,               0.009703,               0.009703
                      6,                 2.7998,                 3.8622,                 2.3768,                 2.4365,                 4.3371,                 1.9724,                0.00146,                 0.7451,                0.00424,                0.00117,                 2.6716,                 3.9952,                 2.4721,                 2.2785,                 4.5432,                 1.9862,               0.009604,               0.009604,               0.009604
                      7,                 2.7821,                 3.8288,                 2.3594,                 2.3984,                 4.3228,                 1.9534,                0.00134,                0.68627,                0.00291,                0.00077,                 2.7431,                 4.1496,                 2.8224,                 2.3772,                 4.7127,                 2.5579,               0.009505,               0.009505,               0.009505
                      8,                 2.7568,                 3.7755,                 2.3043,                 2.3834,                 4.2754,                 1.9444,                0.00139,                0.71078,                 0.0029,                0.00076,                 2.7704,                 4.2286,                 2.4758,                 2.2296,                 4.9066,                 1.9569,               0.009406,               0.009406,               0.009406
                      9,                 2.7254,                 3.7424,                 2.2882,                 2.3623,                  4.228,                 1.9329,                0.00138,                0.70588,                0.00338,                0.00081,                  2.549,                 4.1158,                  2.332,                 2.3307,                 4.7434,                 1.9408,               0.009307,               0.009307,               0.009307
                     10,                 2.6982,                 3.7602,                 2.3033,                 2.3586,                 4.2306,                 1.9112,                 0.0012,                0.61275,                0.00258,                0.00066,                 2.6884,                 4.2889,                 2.4674,                 2.3623,                 4.8295,                 2.0202,               0.009208,               0.009208,               0.009208
                     11,                 2.7087,                 3.7227,                 2.2727,                 2.3653,                 4.1734,                 1.9092,                0.00146,                 0.7451,                0.00422,                0.00117,                 2.7968,                 4.0421,                 2.4191,                 2.2379,                 4.4938,                 2.0013,               0.009109,               0.009109,               0.009109
                     12,                 2.6752,                 3.7438,                 2.2628,                 2.3463,                 4.1899,                 1.9183,                0.00105,                0.53922,                0.00219,                0.00054,                 2.7885,                 4.8738,                 2.6222,                  2.393,                 5.0907,                 2.1336,                0.00901,                0.00901,                0.00901
                     13,                 2.6692,                 3.7128,                 2.2634,                 2.3372,                 4.1767,                 1.9049,                0.00149,                0.76471,                0.00395,                0.00105,                 2.6778,                 3.9439,                 2.3846,                 2.2892,                 43.759,                 1.9374,               0.008911,               0.008911,               0.008911
                     14,                 2.6611,                 3.6787,                 2.2428,                 2.3452,                 4.1317,                  1.904,                0.00149,                0.76471,                0.00567,                0.00148,                 2.6273,                 3.9761,                 2.3497,                 2.2283,                 16.439,                 1.9607,               0.008812,               0.008812,               0.008812
                     15,                 2.6616,                 3.6793,                  2.248,                 2.3462,                 4.1349,                 1.9606,                0.00098,                    0.5,                0.00601,                0.00141,                 3.0082,                 4.7672,                    2.8,                 2.5023,                 5.3379,                 2.3129,               0.008713,               0.008713,               0.008713
                     16,                 2.6488,                 3.6806,                 2.2323,                 2.3318,                  4.099,                 1.9504,                0.00132,                0.67647,                0.00429,                0.00108,                 2.7311,                 4.8299,                 2.5048,                 2.2765,                 5.0557,                 1.9975,               0.008614,               0.008614,               0.008614
                     17,                 2.6156,                  3.602,                 2.2155,                 2.3054,                 4.0546,                 1.8824,                0.00123,                0.62745,                0.00174,                0.00055,                 2.6654,                 5.8142,                 2.5532,                 2.3326,                 101.84,                 16.806,               0.008515,               0.008515,               0.008515
                     18,                 2.6165,                 3.6044,                 2.2426,                  2.272,                 4.0567,                 1.9046,                0.00128,                0.65686,                0.00454,                0.00118,                  2.712,                 4.1191,                 2.5578,                 2.4408,                 4.6314,                 2.0953,               0.008416,               0.008416,               0.008416
                     19,                  2.613,                 3.5905,                 2.2202,                 2.2821,                 4.0602,                 1.9041,                 0.0014,                0.71569,                0.00296,                0.00088,                 2.6144,                 26.693,                 2.3444,                 2.3136,                 832.82,                  1.976,               0.008317,               0.008317,               0.008317
                     20,                 2.5762,                 3.5352,                 2.1864,                 2.3076,                 3.9876,                 1.8697,                0.00161,                0.82353,                0.00898,                0.00233,                 2.5555,                 3.7698,                 2.3448,                 2.2059,                 4.8557,                 1.8815,               0.008218,               0.008218,               0.008218
                     21,                 2.5833,                 3.5359,                 2.1868,                    2.3,                 3.9588,                  1.842,                 0.0013,                0.66667,                0.00446,                 0.0013,                 2.6717,                  4.455,                 2.5123,                 2.3273,                 4.9102,                 2.0587,               0.008119,               0.008119,               0.008119
                     22,                 2.5754,                 3.5242,                 2.1748,                 2.2843,                 3.9602,                 1.8441,                0.00154,                0.78922,                0.00756,                0.00204,                 2.5324,                 3.8122,                 2.4505,                 2.2318,                  4.336,                 1.9986,                0.00802,                0.00802,                0.00802
                     23,                 2.5498,                 3.4793,                 2.1733,                 2.2676,                 3.9304,                  1.829,                0.00159,                0.81373,                0.01097,                0.00309,                 2.5152,                 3.8211,                 2.3322,                 2.1309,                  4.343,                 1.8546,               0.007921,               0.007921,               0.007921
                     24,                 2.5444,                 3.4718,                 2.1633,                 2.2784,                 3.9247,                 1.8463,                0.00165,                0.84314,                0.01357,                0.00373,                 2.4875,                  3.619,                 2.3769,                 2.1961,                 4.0355,                 1.8853,               0.007822,               0.007822,               0.007822
                     25,                 2.5514,                  3.479,                 2.1655,                 2.2523,                 3.9314,                  1.813,                0.00164,                0.83824,                0.01807,                0.00446,                 2.5476,                 3.7607,                 2.3765,                 2.1224,                 4.1789,                 1.7859,               0.007723,               0.007723,               0.007723
                     26,                 2.5536,                  3.443,                 2.2225,                 2.2432,                 3.9066,                 1.8743,                0.00137,                0.70098,                0.00558,                0.00219,                 2.6337,                 3.9878,                 2.5749,                 2.2824,                 4.4864,                 2.0958,               0.007624,               0.007624,               0.007624
                     27,                 2.5139,                 3.3923,                 2.1716,                 2.2403,                 3.8485,                 1.8001,                0.05224,                0.04412,                0.01805,                0.00437,                 2.5501,                 3.7846,                 2.3952,                 2.2231,                 4.2562,                  1.905,               0.007525,               0.007525,               0.007525
                     28,                 2.5264,                 3.4054,                 2.1866,                 2.2441,                  3.833,                 1.8164,                0.03521,                0.07843,                0.01101,                0.00297,                 2.4916,                 3.6067,                 2.3137,                 2.2008,                 19.457,                 1.9071,               0.007426,               0.007426,               0.007426
                     29,                 2.5122,                 3.3567,                 2.1411,                 2.2445,                 3.8246,                 1.8328,                0.00136,                0.69608,                0.00494,                0.00142,                 2.6622,                 4.3928,                  2.558,                 2.2154,                 5.1001,                 2.0491,               0.007327,               0.007327,               0.007327
                     30,                    2.5,                 3.3505,                 2.1509,                 2.1931,                 3.8459,                 1.7986,                0.00158,                0.80882,                0.01474,                0.00343,                 2.5521,                 3.5966,                  2.297,                 2.3398,                  4.248,                 1.9407,               0.007228,               0.007228,               0.007228
                     31,                 2.4891,                 3.2948,                 2.1263,                 2.2164,                 3.7578,                 1.8104,                0.00684,                0.61765,                0.04412,                0.01186,                 2.5426,                  3.495,                 2.2636,                  2.069,                 3.9699,                 1.8182,               0.007129,               0.007129,               0.007129
                     32,                 2.4685,                 3.2895,                 2.1184,                 2.1655,                 3.7422,                 1.7813,                0.10675,                0.02451,                0.01601,                0.00489,                 2.4927,                 3.7113,                  2.275,                  2.126,                 4.1057,                 1.8326,                0.00703,                0.00703,                0.00703
                     33,                 2.4805,                 3.2202,                 2.1144,                 2.1947,                 3.6996,                 1.7799,                0.03632,                0.03431,                0.01428,                0.00412,                 2.5497,                 3.8066,                 2.3492,                 2.0958,                 4.4393,                 1.9042,               0.006931,               0.006931,               0.006931
                     34,                 2.4979,                 3.2676,                 2.1336,                 2.2036,                 3.7386,                 1.8086,                0.04963,                0.01961,                0.01691,                 0.0053,                 2.4363,                 3.4757,                 2.2544,                 2.0655,                 4.6692,                 1.8146,               0.006832,               0.006832,               0.006832
                     35,                 2.4725,                 3.2247,                 2.1193,                 2.1959,                 3.6689,                 1.7916,                0.02803,                0.03922,                0.01534,                 0.0043,                 2.4573,                 3.5574,                 2.3203,                 2.1458,                 7.3476,                 1.9156,               0.006733,               0.006733,               0.006733
                     36,                 2.4495,                 3.1934,                 2.0984,                 2.1802,                  3.672,                 1.7944,                 0.0016,                0.81863,                0.02097,                 0.0061,                  2.497,                  3.619,                  2.358,                 2.1458,                 4.1406,                 1.9138,               0.006634,               0.006634,               0.006634
                     37,                 2.4769,                 3.2263,                 2.0905,                 2.1792,                 3.6805,                 1.7572,                0.28625,                0.01471,                0.02516,                0.00857,                  2.556,                 3.7358,                 2.4052,                  2.129,                  4.168,                 1.8738,               0.006535,               0.006535,               0.006535
                     38,                 2.4495,                 3.1873,                 2.0837,                 2.1774,                 3.6711,                 1.7542,                0.21026,                 0.0098,                 0.0152,                0.00529,                 2.6741,                 3.7558,                 2.4383,                 2.2704,                 4.2115,                 1.9814,               0.006436,               0.006436,               0.006436
                     39,                  2.455,                 3.1981,                 2.0714,                 2.1677,                 3.6615,                 1.7408,                0.09779,                0.04412,                  0.026,                 0.0089,                 2.5491,                  3.749,                  2.346,                 2.1822,                 4.2831,                 1.9416,               0.006337,               0.006337,               0.006337
                     40,                 2.4277,                 3.1144,                 2.0448,                 2.1599,                 3.5738,                 1.7279,                0.07959,                0.03922,                0.03115,                0.00824,                 2.4581,                 3.5724,                 2.2917,                 2.1644,                 3.9949,                 1.8681,               0.006238,               0.006238,               0.006238
                     41,                 2.4048,                 3.0992,                 2.0439,                  2.154,                 3.5639,                 1.7426,                0.21486,                0.04412,                0.03681,                 0.0098,                 2.5274,                 3.3945,                 2.2638,                 2.2101,                 3.8676,                 1.9312,               0.006139,               0.006139,               0.006139
                     42,                 2.3947,                 3.0695,                 2.0318,                 2.1263,                  3.554,                 1.7382,                0.09933,                0.07843,                 0.0273,                0.00784,                 2.4733,                  3.451,                 2.2926,                 2.1606,                 4.3924,                 1.8489,                0.00604,                0.00604,                0.00604
                     43,                 2.3875,                 3.0628,                 2.0236,                 2.1495,                 3.5147,                  1.722,                0.15266,                0.05392,                 0.0311,                0.00869,                 2.4354,                 3.4487,                 2.2024,                  2.136,                  4.086,                 1.8316,               0.005941,               0.005941,               0.005941
                     44,                 2.4158,                 3.0165,                 2.0596,                 2.1597,                 3.5003,                 1.7774,                0.15017,                0.05392,                0.02233,                 0.0067,                 2.4814,                 3.6163,                 2.2635,                 2.1118,                 4.1268,                 1.9033,               0.005842,               0.005842,               0.005842
                     45,                 2.3728,                 3.0161,                 2.0148,                 2.1204,                 3.5028,                 1.7441,                0.10374,                0.04412,                 0.0359,                0.01195,                 2.4968,                 3.3173,                 2.2168,                 2.1882,                 6.5948,                 1.8432,               0.005743,               0.005743,               0.005743
                     46,                 2.3693,                 2.9969,                 2.0121,                 2.1268,                 3.4594,                 1.7179,                0.18767,                0.03965,                0.04629,                0.01613,                 2.3573,                 3.4614,                 2.2829,                 2.1249,                 4.4683,                 1.8706,               0.005644,               0.005644,               0.005644
                     47,                 2.3646,                 2.9701,                 2.0173,                 2.1295,                 3.4445,                 1.7193,                0.05452,                0.05392,                0.02395,                0.00744,                 2.4737,                 3.3309,                 2.2489,                 2.1368,                 23.963,                 1.8869,               0.005545,               0.005545,               0.005545
                     48,                 2.3651,                 2.9389,                 2.0135,                 2.0892,                 3.4155,                 1.7027,                0.15699,                0.03431,                0.02949,                 0.0109,                 2.6241,                 3.6605,                 2.4282,                 2.3126,                 4.1983,                 2.0049,               0.005446,               0.005446,               0.005446
                     49,                 2.3319,                 2.9395,                 2.0041,                 2.0948,                 3.4221,                 1.7191,                0.41224,                0.06863,                0.06941,                0.02006,                 2.3331,                  3.358,                 2.1952,                  1.995,                 3.8334,                 1.7827,               0.005347,               0.005347,               0.005347
                     50,                 2.3384,                 2.9268,                 1.9875,                 2.0726,                 3.4224,                 1.6953,                0.12365,                0.10294,                0.03256,                0.01123,                 2.3825,                 3.3055,                 2.1933,                 2.1142,                 5.5378,                 1.8586,               0.005248,               0.005248,               0.005248
                     51,                 2.3114,                 2.8858,                 1.9723,                 2.0838,                 3.3734,                    1.7,                0.13358,                0.06373,                0.03654,                0.01127,                 2.4204,                 3.2918,                 2.1974,                 2.0459,                 3.9097,                 1.7799,               0.005149,               0.005149,               0.005149
                     52,                 2.3266,                 2.8567,                 1.9959,                 2.1222,                 3.3173,                 1.7358,                0.10771,                0.04902,                 0.0441,                0.01287,                 2.4769,                 3.4731,                 2.2426,                 2.1742,                 3.9243,                  1.962,                0.00505,                0.00505,                0.00505
                     53,                 2.3281,                 2.9332,                  1.988,                 2.1145,                 3.3894,                 1.7101,                 0.3263,                0.04412,                0.04215,                0.01437,                 2.5212,                 3.7715,                 2.3643,                 2.1783,                 4.1273,                 1.8781,               0.004951,               0.004951,               0.004951
                     54,                 2.2929,                 2.8703,                 1.9694,                 2.0658,                 3.3448,                 1.6779,                0.15129,                0.05392,                0.06173,                0.01878,                 2.4073,                  3.419,                 2.2617,                 2.0698,                 3.7893,                 1.8447,               0.004852,               0.004852,               0.004852
                     55,                 2.2909,                 2.8183,                 1.9597,                 2.0841,                 3.2894,                 1.6848,                 0.2184,                0.05392,                0.07065,                0.01759,                 2.4088,                 3.2533,                 2.2062,                 2.1361,                 3.6897,                 1.8349,               0.004753,               0.004753,               0.004753
                     56,                    2.3,                 2.8287,                 1.9774,                 2.0787,                 3.2818,                 1.6722,                0.36449,                0.06863,                0.06944,                 0.0219,                 2.4266,                 3.2744,                 2.2842,                  2.107,                 3.7328,                 1.8262,               0.004654,               0.004654,               0.004654
                     57,                 2.2877,                 2.7992,                  1.937,                 2.0816,                 3.2577,                 1.6564,                0.20672,                0.08824,                 0.0811,                0.02058,                 2.4355,                 3.1559,                 2.1832,                 2.0931,                 3.6013,                 1.7904,               0.004555,               0.004555,               0.004555
                     58,                  2.254,                 2.8022,                 1.9372,                 2.0722,                 3.2519,                 1.6522,                0.17153,                0.04902,                0.04012,                0.01023,                 2.4367,                 3.4583,                 2.2463,                  2.181,                 3.9291,                   1.88,               0.004456,               0.004456,               0.004456
                     59,                  2.248,                 2.8162,                 1.9344,                 2.0522,                 3.2823,                 1.6656,                0.16045,                0.09314,                0.06366,                0.01843,                 2.3643,                 3.1721,                 2.2407,                 2.0345,                 3.6575,                 1.8077,               0.004357,               0.004357,               0.004357
                     60,                 2.2666,                  2.769,                 1.9472,                 2.0561,                 3.2653,                 1.7035,                0.28715,                0.06912,                0.06697,                0.02274,                 2.3986,                 3.2659,                 2.2645,                 2.1076,                 3.7557,                 1.8942,               0.004258,               0.004258,               0.004258
                     61,                 2.2332,                 2.7743,                 1.9238,                 2.0198,                 3.2462,                 1.6781,                0.28334,                0.07843,                0.07522,                0.02289,                 2.4261,                 3.1911,                 2.2057,                 2.0901,                 3.6941,                 1.8154,               0.004159,               0.004159,               0.004159
                     62,                 2.2599,                 2.6935,                 1.9043,                 2.0333,                 3.1824,                 1.6627,                0.32928,                0.09314,                0.09092,                0.02969,                 2.4171,                 3.2422,                 2.2315,                 2.1416,                 3.6427,                 1.9439,                0.00406,                0.00406,                0.00406
                     63,                 2.2279,                 2.6865,                 1.8911,                 2.0376,                   3.15,                 1.6561,                0.20979,                0.09314,                0.05883,                0.01816,                 2.3682,                 3.1902,                  2.172,                 2.0672,                 3.6941,                 1.8212,               0.003961,               0.003961,               0.003961
                     64,                 2.2261,                 2.6777,                  1.897,                  2.047,                 3.1243,                 1.6489,                0.31207,                0.10784,                0.09581,                0.02699,                  2.417,                 3.1209,                 2.1791,                 2.1851,                 3.4718,                 1.8231,               0.003862,               0.003862,               0.003862
                     65,                 2.2095,                 2.6421,                 1.9048,                 2.0288,                 3.0965,                 1.6548,                0.19173,                0.11765,                0.05702,                0.01754,                 2.4168,                 3.3016,                 2.2005,                 2.0917,                 3.7587,                 1.7997,               0.003763,               0.003763,               0.003763
                     66,                  2.207,                 2.6395,                 1.8744,                 2.0346,                 3.1001,                 1.6666,                0.13034,                0.08824,                0.04727,                0.01557,                 2.4083,                 3.5325,                 2.2273,                 2.1402,                 4.3276,                 1.9137,               0.003664,               0.003664,               0.003664
                     67,                 2.1985,                  2.631,                 1.8804,                 2.0204,                 3.1087,                 1.6497,                0.15089,                0.12255,                0.04066,                0.01159,                  2.491,                 3.2917,                  2.289,                 2.2584,                 6.7631,                 1.9091,               0.003565,               0.003565,               0.003565
                     68,                 2.1894,                 2.5584,                  1.858,                 2.0023,                 3.0416,                 1.6339,                 0.2468,                0.12255,                0.08954,                0.02894,                 2.4259,                 3.0944,                 2.2009,                 2.2014,                 3.5959,                 1.8744,               0.003466,               0.003466,               0.003466
                     69,                 2.1858,                  2.601,                  1.876,                 2.0017,                 3.0856,                 1.6235,                0.10517,                0.11765,                0.03874,                0.01261,                 2.4381,                 3.6366,                 2.2557,                  2.192,                 8.9764,                 1.8967,               0.003367,               0.003367,               0.003367
                     70,                 2.1695,                 2.5732,                 1.8842,                 1.9994,                 3.0443,                 1.6424,                 0.0563,                0.14216,                0.02693,                0.00887,                 2.4037,                 5.3934,                  2.195,                 2.1976,                 42.674,                 1.9128,               0.003268,               0.003268,               0.003268
                     71,                  2.162,                 2.5436,                 1.8572,                 1.9976,                 2.9975,                 1.6176,                0.07407,                0.13235,                 0.0388,                0.01204,                  2.386,                  3.632,                  2.172,                 2.1529,                 20.285,                 1.8037,               0.003169,               0.003169,               0.003169
                     72,                 2.1395,                 2.5219,                 1.8454,                 1.9844,                 2.9569,                 1.6219,                  0.074,                0.11765,                0.03262,                0.01087,                 2.4401,                 3.6748,                 2.1699,                 2.1183,                 20.038,                 1.8073,                0.00307,                0.00307,                0.00307
                     73,                 2.1544,                 2.5237,                 1.8441,                 2.0324,                 2.9792,                  1.631,                0.12049,                0.11765,                0.04003,                0.01276,                 2.4943,                 3.4902,                 2.3015,                 2.2621,                 7.4563,                 1.9413,               0.002971,               0.002971,               0.002971
                     74,                 2.1633,                 2.4715,                 1.8231,                 2.0284,                 2.9209,                 1.6206,                0.09032,                0.12411,                0.03243,                0.01064,                 2.4128,                 3.7787,                 2.1774,                 2.1288,                 16.259,                 1.8098,               0.002872,               0.002872,               0.002872
                     75,                 2.1471,                  2.502,                 1.8394,                 1.9845,                 2.9564,                 1.6264,                0.08575,                0.12745,                0.03229,                0.01053,                 2.4374,                 3.5882,                 2.1925,                 2.2435,                 12.241,                 1.8658,               0.002773,               0.002773,               0.002773
                     76,                 2.1151,                 2.4742,                 1.8132,                 1.9653,                 2.9321,                 1.6023,                0.08973,                0.13235,                0.03726,                0.01221,                 2.4014,                  3.995,                 2.1973,                 2.1788,                 13.057,                 1.8539,               0.002674,               0.002674,               0.002674
                     77,                 2.1281,                 2.4697,                 1.8377,                 2.0075,                 2.9225,                 1.6257,                0.08632,                0.13235,                0.03479,                0.01112,                 2.4513,                 3.6261,                 2.2123,                 2.1518,                 15.384,                 1.8386,               0.002575,               0.002575,               0.002575
                     78,                 2.0976,                  2.411,                 1.8171,                 1.9695,                 2.8467,                 1.6059,                0.09082,                0.15196,                0.04114,                0.01401,                 2.4655,                 3.6877,                 2.2295,                 2.1979,                  9.192,                 1.8512,               0.002476,               0.002476,               0.002476
                     79,                 2.1049,                 2.3951,                 1.8062,                 1.9821,                 2.8206,                 1.5981,                0.09771,                0.13725,                0.03897,                0.01249,                 2.4409,                 3.8206,                 2.2008,                 2.1265,                 7.8477,                  1.827,               0.002377,               0.002377,               0.002377
                     80,                  2.112,                 2.4142,                  1.813,                 1.9925,                 2.8556,                 1.5975,                0.07691,                0.11765,                0.03434,                0.01138,                 2.4236,                 3.6105,                 2.1851,                 2.0964,                 6.2663,                 1.8307,               0.002278,               0.002278,               0.002278
                     81,                 2.0917,                 2.3905,                 1.8043,                 1.9834,                 2.8299,                 1.5873,                0.08819,                0.12745,                0.04054,                0.01194,                 2.4258,                 3.5084,                 2.1769,                  2.116,                 7.2091,                 1.8124,               0.002179,               0.002179,               0.002179
                     82,                 2.0823,                 2.3315,                 1.7957,                 1.9707,                 2.7782,                 1.5898,                0.23685,                0.12255,                 0.0696,                 0.0224,                 2.5294,                 3.2999,                 2.3138,                 2.2374,                 3.8343,                  1.923,                0.00208,                0.00208,                0.00208
                     83,                 2.0749,                 2.3305,                 1.7833,                 1.9641,                 2.7593,                 1.5787,                0.12504,                0.15686,                0.04477,                0.01405,                 2.4371,                  4.016,                 2.1962,                 2.1195,                 7.8108,                 1.7869,               0.001981,               0.001981,               0.001981
                     84,                 2.0737,                 2.3079,                 1.7735,                 1.9815,                 2.7412,                 1.5823,                0.11328,                0.12651,                0.04178,                 0.0128,                 2.4777,                 3.5804,                 2.2184,                 2.2004,                 8.3901,                 1.8902,               0.001882,               0.001882,               0.001882
                     85,                 2.0528,                 2.2879,                 1.7673,                 1.9365,                 2.7284,                 1.5594,                0.15175,                0.13725,                0.04836,                0.01417,                 2.4218,                 3.3017,                 2.1831,                 2.1525,                 6.8992,                 1.8498,               0.001783,               0.001783,               0.001783
                     86,                 2.0572,                 2.2989,                  1.762,                 1.9752,                 2.7279,                 1.5669,                0.11406,                0.15196,                0.03872,                 0.0118,                 2.4547,                 3.5729,                 2.2115,                 2.1626,                 10.762,                 1.8733,               0.001684,               0.001684,               0.001684
                     87,                  2.039,                 2.2789,                 1.7759,                 1.9571,                 2.7045,                  1.573,                0.10114,                0.15686,                0.04033,                0.01252,                 2.4867,                 3.9106,                 2.2533,                 2.1585,                  12.45,                 1.8638,               0.001585,               0.001585,               0.001585
                     88,                 2.0478,                 2.2756,                 1.7597,                 1.9569,                 2.7125,                 1.5681,                0.16601,                0.13235,                0.05513,                0.01722,                 2.5043,                 3.4366,                 2.2498,                   2.17,                 6.8574,                 1.8659,               0.001486,               0.001486,               0.001486
                     89,                 2.0197,                 2.2311,                 1.7526,                 1.9192,                 2.6597,                 1.5647,                0.12915,                0.12255,                0.05097,                0.01501,                 2.5021,                 3.3419,                 2.2378,                 2.1761,                 5.5862,                 1.8783,               0.001387,               0.001387,               0.001387
                     90,                 2.0405,                 2.2453,                 1.7598,                 1.9519,                 2.6779,                 1.5702,                0.21207,                0.10784,                0.05869,                0.01753,                 2.4983,                 3.3436,                 2.2606,                 2.1819,                 5.7383,                 1.8985,               0.001288,               0.001288,               0.001288
                     91,                 2.0024,                 2.2784,                 1.8293,                 1.9091,                 2.6016,                 1.6025,                0.22167,                0.11275,                0.06043,                0.01819,                 2.4837,                 3.2351,                 2.2637,                 2.1361,                 5.7893,                 1.8411,               0.001189,               0.001189,               0.001189
                     92,                 1.9741,                 2.1512,                 1.7972,                 1.8712,                 2.4658,                 1.5809,                 0.1339,                0.13725,                0.04691,                0.01478,                 2.4787,                 3.3861,                 2.2412,                 2.1782,                 6.7283,                 1.8939,                0.00109,                0.00109,                0.00109
                     93,                 1.9359,                 2.0845,                 1.7786,                 1.8697,                  2.395,                 1.5981,                 0.1156,                0.13725,                0.04933,                0.01487,                 2.5083,                 3.2916,                 2.2675,                 2.2335,                 6.3537,                 1.9635,               0.000991,               0.000991,               0.000991
                     94,                  1.934,                 2.0678,                  1.766,                 1.8563,                 2.3799,                 1.5912,                0.11408,                0.13235,                0.04097,                0.01289,                 2.5168,                 3.5495,                 2.2532,                  2.234,                 8.1353,                  1.941,               0.000892,               0.000892,               0.000892
                     95,                 1.9217,                 2.0711,                 1.7515,                  1.862,                 2.3737,                 1.5845,                0.16865,                0.11765,                0.05651,                0.01657,                 2.5152,                 3.2266,                 2.2596,                 2.2465,                 5.2034,                 1.9564,               0.000793,               0.000793,               0.000793
                     96,                 1.9125,                 2.0513,                 1.7535,                 1.8684,                 2.3332,                 1.5859,                0.08274,                0.14216,                0.03496,                0.01124,                 2.5531,                 3.5846,                 2.3103,                 2.2811,                 13.057,                 1.9881,               0.000694,               0.000694,               0.000694
                     97,                 1.9053,                 2.0212,                  1.748,                 1.8542,                 2.3074,                 1.5879,                0.12646,                0.14706,                0.04821,                0.01481,                 2.5344,                 3.3318,                 2.2918,                 2.2824,                 7.4032,                 2.0028,               0.000595,               0.000595,               0.000595
                     98,                  1.911,                 2.0255,                 1.7437,                 1.8478,                 2.3188,                 1.5855,                0.10845,                0.14706,                0.04058,                0.01279,                 2.5372,                  3.432,                 2.2802,                  2.293,                 9.7155,                 2.0111,               0.000496,               0.000496,               0.000496
                     99,                 1.9121,                 1.9925,                 1.7516,                 1.8363,                 2.2764,                 1.5805,                0.11704,                0.12255,                0.04257,                0.01364,                 2.5371,                 3.4628,                  2.285,                 2.2738,                 10.109,                 2.0046,               0.000397,               0.000397,               0.000397
                    100,                 1.9015,                 1.9893,                 1.7429,                 1.8581,                 2.2597,                 1.5769,                0.10853,                0.15686,                0.04086,                0.01239,                  2.539,                 3.5469,                 2.2987,                 2.3028,                 10.753,                  2.002,               0.000298,               0.000298,               0.000298
